{"start": [57.01429744408954, 9.986548883612375], "target": [57.014292252679866, 9.987207497702462], "actual": [57.0142940043233, 9.987205021838461], "orth": [57.01429227256372, 9.987204975953697], "aim": [57.01429226262181, 9.98720623682808], "heading": 6.053999926976077}