{"start": [57.01390803425191, 9.988046768980276], "target": [57.01406998208791, 9.988051063574886], "actual": [57.01401500432211, 9.988061021895758], "orth": [57.01401509439756, 9.988049608037057], "aim": [57.01403305866102, 9.988050084421351], "heading": 1.9251525114519539}