{"start": [57.01435400432413, 9.986582021797158], "target": [57.014284004323315, 9.987197021837957], "actual": [57.014608481570676, 9.988075937506105], "orth": [57.0142016724855, 9.987920328996964], "aim": [57.01419433278168, 9.987984808317611], "heading": 90.0}